[
  {
    "id": 1,
    "name": "مصفاة حمص",
    "location": "حمص",
    "phone": null,
    "engineeres": null,
    "engineeringUnitsId": 1,
    "engineeringUnits": null,
    "annualDatas": null
  },
  {
    "id": 2,
    "name": "تكرير النفط",
    "location": "حمص",
    "phone": null,
    "engineeres": null,
    "engineeringUnitsId": 1,
    "engineeringUnits": null,
    "annualDatas": null
  },
  {
    "id": 3,
    "name": "معمل السماد",
    "location": "حمص",
    "phone": null,
    "engineeres": null,
    "engineeringUnitsId": 2,
    "engineeringUnits": null,
    "annualDatas": null
  },
  {
    "id": 4,
    "name": "الشركة السورية لنقل النفط الخام ",
    "location": "حمص",
    "phone": null,
    "engineeres": null,
    "engineeringUnitsId": 3,
    "engineeringUnits": null,
    "annualDatas": null
  },
  {
    "id": 5,
    "name": "محطة ضخ صلبا",
    "location": "حمص",
    "phone": null,
    "engineeres": null,
    "engineeringUnitsId": 3,
    "engineeringUnits": null,
    "annualDatas": null
  },
  {
    "id": 6,
    "name": "الفوسفات",
    "location": "حمص",
    "phone": null,
    "engineeres": null,
    "engineeringUnitsId": 4,
    "engineeringUnits": null,
    "annualDatas": null
  },
  {
    "id": 7,
    "name": "معهدي الصناعات ",
    "location": "حمص",
    "phone": null,
    "engineeres": null,
    "engineeringUnitsId": 4,
    "engineeringUnits": null,
    "annualDatas": null
  },
  {
    "id": 8,
    "name": "مجمع التدريب",
    "location": "حمص",
    "phone": null,
    "engineeres": null,
    "engineeringUnitsId": 4,
    "engineeringUnits": null,
    "annualDatas": null
  },
  {
    "id": 9,
    "name": "الاسكان العسكري فرع 1 و 122",
    "location": "حمص",
    "phone": null,
    "engineeres": null,
    "engineeringUnitsId": 5,
    "engineeringUnits": null,
    "annualDatas": null
  },
  {
    "id": 10,
    "name": "اشغال عسكريه",
    "location": "حمص",
    "phone": null,
    "engineeres": null,
    "engineeringUnitsId": 5,
    "engineeringUnits": null,
    "annualDatas": null
  },
  {
    "id": 11,
    "name": "معمل 803",
    "location": "حمص",
    "phone": null,
    "engineeres": null,
    "engineeringUnitsId": 5,
    "engineeringUnits": null,
    "annualDatas": null
  },
  {
    "id": 12,
    "name": "بحوث علمية",
    "location": "حمص",
    "phone": null,
    "engineeres": null,
    "engineeringUnitsId": 6,
    "engineeringUnits": null,
    "annualDatas": null
  },
  {
    "id": 13,
    "name": "شركة ريما",
    "location": "حمص",
    "phone": null,
    "engineeres": null,
    "engineeringUnitsId": 7,
    "engineeringUnits": null,
    "annualDatas": null
  },
  {
    "id": 14,
    "name": "شبكات ",
    "location": "حمص",
    "phone": null,
    "engineeres": null,
    "engineeringUnitsId": 7,
    "engineeringUnits": null,
    "annualDatas": null
  },
  {
    "id": 15,
    "name": "طرق مركزية",
    "location": "حمص",
    "phone": null,
    "engineeres": null,
    "engineeringUnitsId": 7,
    "engineeringUnits": null,
    "annualDatas": null
  },
  {
    "id": 16,
    "name": "الشركة العامة للبناء",
    "location": "حمص",
    "phone": null,
    "engineeres": null,
    "engineeringUnitsId": 8,
    "engineeringUnits": null,
    "annualDatas": null
  },
  {
    "id": 17,
    "name": "الطرق والجسور",
    "location": "حمص",
    "phone": null,
    "engineeres": null,
    "engineeringUnitsId": 8,
    "engineeringUnits": null,
    "annualDatas": null
  },
  {
    "id": 18,
    "name": "توليد قطينه",
    "location": "حمص",
    "phone": null,
    "engineeres": null,
    "engineeringUnitsId": 9,
    "engineeringUnits": null,
    "annualDatas": null
  },
  {
    "id": 19,
    "name": "هيئه الطاقة",
    "location": "حمص",
    "phone": null,
    "engineeres": null,
    "engineeringUnitsId": 9,
    "engineeringUnits": null,
    "annualDatas": null
  },
  {
    "id": 20,
    "name": "توليد جندر",
    "location": "حمص",
    "phone": null,
    "engineeres": null,
    "engineeringUnitsId": 9,
    "engineeringUnits": null,
    "annualDatas": null
  },
  {
    "id": 21,
    "name": "الزارة",
    "location": "حمص",
    "phone": null,
    "engineeres": null,
    "engineeringUnitsId": 9,
    "engineeringUnits": null,
    "annualDatas": null
  },
  {
    "id": 22,
    "name": "شركة كهرباء حمص ",
    "location": "حمص",
    "phone": null,
    "engineeres": null,
    "engineeringUnitsId": 10,
    "engineeringUnits": null,
    "annualDatas": null
  },
  {
    "id": 23,
    "name": "نقل الطاقه ",
    "location": "حمص",
    "phone": null,
    "engineeres": null,
    "engineeringUnitsId": 10,
    "engineeringUnits": null,
    "annualDatas": null
  },
  {
    "id": 26,
    "name": "المؤسسة العامة لمياه الشرب",
    "location": "حمص",
    "phone": null,
    "engineeres": null,
    "engineeringUnitsId": 12,
    "engineeringUnits": null,
    "annualDatas": null
  },
  {
    "id": 27,
    "name": "سكك الحديد",
    "location": "حمص",
    "phone": null,
    "engineeres": null,
    "engineeringUnitsId": 13,
    "engineeringUnits": null,
    "annualDatas": null
  },
  {
    "id": 28,
    "name": "مكتب الانشاء والاستثمار",
    "location": "حمص",
    "phone": null,
    "engineeres": null,
    "engineeringUnitsId": 13,
    "engineeringUnits": null,
    "annualDatas": null
  },
  {
    "id": 30,
    "name": "الوليد للميكروباص",
    "location": "حمص",
    "phone": null,
    "engineeres": null,
    "engineeringUnitsId": 13,
    "engineeringUnits": null,
    "annualDatas": null
  },
  {
    "id": 31,
    "name": "الشركة العامة للدراسات الهندسية",
    "location": "حمص",
    "phone": null,
    "engineeres": null,
    "engineeringUnitsId": 14,
    "engineeringUnits": null,
    "annualDatas": null
  },
  {
    "id": 32,
    "name": "كلية البتروكيميا",
    "location": "حمص",
    "phone": null,
    "engineeres": null,
    "engineeringUnitsId": 15,
    "engineeringUnits": null,
    "annualDatas": null
  },
  {
    "id": 33,
    "name": "مديرية التربية",
    "location": "حمص",
    "phone": null,
    "engineeres": null,
    "engineeringUnitsId": 16,
    "engineeringUnits": null,
    "annualDatas": null
  },
  {
    "id": 34,
    "name": "مديرية الخدمات الفنيه",
    "location": "حمص",
    "phone": null,
    "engineeres": null,
    "engineeringUnitsId": 17,
    "engineeringUnits": null,
    "annualDatas": null
  },
  {
    "id": 35,
    "name": "معهد المراقبين الفنيين",
    "location": "حمص",
    "phone": null,
    "engineeres": null,
    "engineeringUnitsId": 17,
    "engineeringUnits": null,
    "annualDatas": null
  },
  {
    "id": 36,
    "name": "مجلس المدينه حمص",
    "location": "حمص",
    "phone": null,
    "engineeres": null,
    "engineeringUnitsId": 18,
    "engineeringUnits": null,
    "annualDatas": null
  },
  {
    "id": 37,
    "name": "المركز الثقافي",
    "location": "حمص",
    "phone": null,
    "engineeres": null,
    "engineeringUnitsId": 18,
    "engineeringUnits": null,
    "annualDatas": null
  },
  {
    "id": 39,
    "name": "شركة سكر حمص",
    "location": "حمص",
    "phone": null,
    "engineeres": null,
    "engineeringUnitsId": 19,
    "engineeringUnits": null,
    "annualDatas": null
  },
  {
    "id": 40,
    "name": "مديرية الاوقاف",
    "location": "حمص",
    "phone": null,
    "engineeres": null,
    "engineeringUnitsId": 20,
    "engineeringUnits": null,
    "annualDatas": null
  },
  {
    "id": 41,
    "name": "مديرية الاثار",
    "location": "حمص",
    "phone": null,
    "engineeres": null,
    "engineeringUnitsId": 20,
    "engineeringUnits": null,
    "annualDatas": null
  },
  {
    "id": 42,
    "name": "الاذاعة",
    "location": "حمص",
    "phone": null,
    "engineeres": null,
    "engineeringUnitsId": 20,
    "engineeringUnits": null,
    "annualDatas": null
  },
  {
    "id": 43,
    "name": " نقل داخلي",
    "location": "حمص",
    "phone": null,
    "engineeres": null,
    "engineeringUnitsId": 20,
    "engineeringUnits": null,
    "annualDatas": null
  },
  {
    "id": 44,
    "name": "مصابغ ",
    "location": "حمص",
    "phone": null,
    "engineeres": null,
    "engineeringUnitsId": 21,
    "engineeringUnits": null,
    "annualDatas": null
  },
  {
    "id": 45,
    "name": "غزل ونسيج",
    "location": "حمص",
    "phone": null,
    "engineeres": null,
    "engineeringUnitsId": 21,
    "engineeringUnits": null,
    "annualDatas": null
  },
  {
    "id": 46,
    "name": "محالج",
    "location": "حمص",
    "phone": null,
    "engineeres": null,
    "engineeringUnitsId": 21,
    "engineeringUnits": null,
    "annualDatas": null
  },
  {
    "id": 47,
    "name": "مكاتب هندسية مدنية 1 ( صندوق مشترك )",
    "location": "حمص",
    "phone": null,
    "engineeres": null,
    "engineeringUnitsId": 22,
    "engineeringUnits": null,
    "annualDatas": null
  },
  {
    "id": 48,
    "name": "مكاتب هندسية مدنية 2( توريد وتحت الاشراف ومتدربين )",
    "location": "حمص",
    "phone": null,
    "engineeres": null,
    "engineeringUnitsId": 23,
    "engineeringUnits": null,
    "annualDatas": null
  },
  {
    "id": 49,
    "name": "سادكوب",
    "location": "حمص",
    "phone": null,
    "engineeres": null,
    "engineeringUnitsId": 24,
    "engineeringUnits": null,
    "annualDatas": null
  },
  {
    "id": 50,
    "name": "معهد المهن النفطية",
    "location": "حمص",
    "phone": null,
    "engineeres": null,
    "engineeringUnitsId": 24,
    "engineeringUnits": null,
    "annualDatas": null
  },
  {
    "id": 51,
    "name": "مكاتب هندسية معمارية",
    "location": "حمص",
    "phone": null,
    "engineeres": null,
    "engineeringUnitsId": 25,
    "engineeringUnits": null,
    "annualDatas": null
  },
  {
    "id": 52,
    "name": "مكاتب هندسية كهربائية",
    "location": "حمص",
    "phone": null,
    "engineeres": null,
    "engineeringUnitsId": 26,
    "engineeringUnits": null,
    "annualDatas": null
  },
  {
    "id": 53,
    "name": "مكاتب هندسية ميكانيكية",
    "location": "حمص",
    "phone": null,
    "engineeres": null,
    "engineeringUnitsId": 27,
    "engineeringUnits": null,
    "annualDatas": null
  },
  {
    "id": 54,
    "name": "مكاتب هندسية كيميائية",
    "location": "حمص",
    "phone": null,
    "engineeres": null,
    "engineeringUnitsId": 28,
    "engineeringUnits": null,
    "annualDatas": null
  },
  {
    "id": 55,
    "name": " قطاع خاص",
    "location": "حمص",
    "phone": null,
    "engineeres": null,
    "engineeringUnitsId": 29,
    "engineeringUnits": null,
    "annualDatas": null
  },
  {
    "id": 56,
    "name": "أعمال حرة ",
    "location": "حمص",
    "phone": null,
    "engineeres": null,
    "engineeringUnitsId": 29,
    "engineeringUnits": null,
    "annualDatas": null
  },
  {
    "id": 57,
    "name": "البريد",
    "location": "حمص",
    "phone": null,
    "engineeres": null,
    "engineeringUnitsId": 32,
    "engineeringUnits": null,
    "annualDatas": null
  },
  {
    "id": 58,
    "name": "مديرية الهاتف",
    "location": "حمص",
    "phone": null,
    "engineeres": null,
    "engineeringUnitsId": 32,
    "engineeringUnits": null,
    "annualDatas": null
  },
  {
    "id": 59,
    "name": " المعهد الاهندسي",
    "location": "حمص",
    "phone": null,
    "engineeres": null,
    "engineeringUnitsId": 33,
    "engineeringUnits": null,
    "annualDatas": null
  },
  {
    "id": 60,
    "name": "الادارة المركزية في جامعة البعث",
    "location": "حمص",
    "phone": null,
    "engineeres": null,
    "engineeringUnitsId": 33,
    "engineeringUnits": null,
    "annualDatas": null
  },
  {
    "id": 61,
    "name": "كلية الهندسة المدنية ",
    "location": "حمص",
    "phone": null,
    "engineeres": null,
    "engineeringUnitsId": 34,
    "engineeringUnits": null,
    "annualDatas": null
  },
  {
    "id": 62,
    "name": "كلية الهندسة الميكانيكية والكهربائية",
    "location": "حمص",
    "phone": null,
    "engineeres": null,
    "engineeringUnitsId": 35,
    "engineeringUnits": null,
    "annualDatas": null
  },
  {
    "id": 63,
    "name": "كلية العلوم ",
    "location": "حمص",
    "phone": null,
    "engineeres": null,
    "engineeringUnitsId": 36,
    "engineeringUnits": null,
    "annualDatas": null
  },
  {
    "id": 64,
    "name": "كلية الهندسة المعلوماتية ",
    "location": "حمص",
    "phone": null,
    "engineeres": null,
    "engineeringUnitsId": 36,
    "engineeringUnits": null,
    "annualDatas": null
  },
  {
    "id": 65,
    "name": "طب الاسنان",
    "location": "حمص",
    "phone": null,
    "engineeres": null,
    "engineeringUnitsId": 36,
    "engineeringUnits": null,
    "annualDatas": null
  },
  {
    "id": 66,
    "name": "باقي الكليات",
    "location": "حمص",
    "phone": null,
    "engineeres": null,
    "engineeringUnitsId": 36,
    "engineeringUnits": null,
    "annualDatas": null
  },
  {
    "id": 67,
    "name": "الموارد المائية",
    "location": "حمص",
    "phone": null,
    "engineeres": null,
    "engineeringUnitsId": 38,
    "engineeringUnits": null,
    "annualDatas": null
  },
  {
    "id": 68,
    "name": "المؤسسة العامة للاسكان",
    "location": "حمص",
    "phone": null,
    "engineeres": null,
    "engineeringUnitsId": 39,
    "engineeringUnits": null,
    "annualDatas": null
  },
  {
    "id": 69,
    "name": "مديرية البيئة",
    "location": "حمص",
    "phone": null,
    "engineeres": null,
    "engineeringUnitsId": 40,
    "engineeringUnits": null,
    "annualDatas": null
  },
  {
    "id": 70,
    "name": "قيادة الشرطة",
    "location": "حمص",
    "phone": null,
    "engineeres": null,
    "engineeringUnitsId": 41,
    "engineeringUnits": null,
    "annualDatas": null
  },
  {
    "id": 71,
    "name": "مديرية الزراعة",
    "location": "حمص",
    "phone": null,
    "engineeres": null,
    "engineeringUnitsId": 42,
    "engineeringUnits": null,
    "annualDatas": null
  },
  {
    "id": 72,
    "name": " البحوث الزراعية ",
    "location": "حمص",
    "phone": null,
    "engineeres": null,
    "engineeringUnitsId": 42,
    "engineeringUnits": null,
    "annualDatas": null
  },
  {
    "id": 73,
    "name": "تنمية البادية ",
    "location": "حمص",
    "phone": null,
    "engineeres": null,
    "engineeringUnitsId": 42,
    "engineeringUnits": null,
    "annualDatas": null
  },
  {
    "id": 74,
    "name": "الاعلاف",
    "location": "حمص",
    "phone": null,
    "engineeres": null,
    "engineeringUnitsId": 42,
    "engineeringUnits": null,
    "annualDatas": null
  },
  {
    "id": 75,
    "name": "معهد زراعي",
    "location": "حمص",
    "phone": null,
    "engineeres": null,
    "engineeringUnitsId": 42,
    "engineeringUnits": null,
    "annualDatas": null
  },
  {
    "id": 76,
    "name": "اكثار البذار",
    "location": "حمص",
    "phone": null,
    "engineeres": null,
    "engineeringUnitsId": 42,
    "engineeringUnits": null,
    "annualDatas": null
  },
  {
    "id": 77,
    "name": "وحدة تدمر",
    "location": "حمص",
    "phone": null,
    "engineeres": null,
    "engineeringUnitsId": 44,
    "engineeringUnits": null,
    "annualDatas": null
  },
  {
    "id": 78,
    "name": "مديرية التموين",
    "location": "حمص",
    "phone": null,
    "engineeres": null,
    "engineeringUnitsId": 45,
    "engineeringUnits": null,
    "annualDatas": null
  },
  {
    "id": 79,
    "name": " مديرية الاقتصاد ",
    "location": "حمص",
    "phone": null,
    "engineeres": null,
    "engineeringUnitsId": 45,
    "engineeringUnits": null,
    "annualDatas": null
  },
  {
    "id": 80,
    "name": "المخابز",
    "location": "حمص",
    "phone": null,
    "engineeres": null,
    "engineeringUnitsId": 45,
    "engineeringUnits": null,
    "annualDatas": null
  },
  {
    "id": 81,
    "name": "مديرية الصناعة",
    "location": "حمص",
    "phone": null,
    "engineeres": null,
    "engineeringUnitsId": 46,
    "engineeringUnits": null,
    "annualDatas": null
  },
  {
    "id": 82,
    "name": "التأمينات الاجتماعية",
    "location": "حمص",
    "phone": null,
    "engineeres": null,
    "engineeringUnitsId": 46,
    "engineeringUnits": null,
    "annualDatas": null
  },
  {
    "id": 83,
    "name": "الشؤون الاجتماعية ",
    "location": "حمص",
    "phone": null,
    "engineeres": null,
    "engineeringUnitsId": 46,
    "engineeringUnits": null,
    "annualDatas": null
  },
  {
    "id": 84,
    "name": "التخطيط ",
    "location": "حمص",
    "phone": null,
    "engineeres": null,
    "engineeringUnitsId": 46,
    "engineeringUnits": null,
    "annualDatas": null
  },
  {
    "id": 86,
    "name": "الالبان",
    "location": "حمص",
    "phone": null,
    "engineeres": null,
    "engineeringUnitsId": 46,
    "engineeringUnits": null,
    "annualDatas": null
  },
  {
    "id": 87,
    "name": "تصنيع العنب",
    "location": "حمص",
    "phone": null,
    "engineeres": null,
    "engineeringUnitsId": 46,
    "engineeringUnits": null,
    "annualDatas": null
  },
  {
    "id": 88,
    "name": "احصاء",
    "location": "حمص",
    "phone": null,
    "engineeres": null,
    "engineeringUnitsId": 46,
    "engineeringUnits": null,
    "annualDatas": null
  },
  {
    "id": 89,
    "name": "المدينة الصناعية",
    "location": "حمص",
    "phone": null,
    "engineeres": null,
    "engineeringUnitsId": 47,
    "engineeringUnits": null,
    "annualDatas": null
  },
  {
    "id": 90,
    "name": "الرقابة والتفتيش",
    "location": "حمص",
    "phone": null,
    "engineeres": null,
    "engineeringUnitsId": 47,
    "engineeringUnits": null,
    "annualDatas": null
  },
  {
    "id": 91,
    "name": "الجمارك",
    "location": "حمص",
    "phone": null,
    "engineeres": null,
    "engineeringUnitsId": 47,
    "engineeringUnits": null,
    "annualDatas": null
  },
  {
    "id": 92,
    "name": "شركة الصرف الصحي",
    "location": "حمص",
    "phone": null,
    "engineeres": null,
    "engineeringUnitsId": 48,
    "engineeringUnits": null,
    "annualDatas": null
  },
  {
    "id": 93,
    "name": "وحدة تلكلخ",
    "location": "حمص",
    "phone": null,
    "engineeres": null,
    "engineeringUnitsId": 49,
    "engineeringUnits": null,
    "annualDatas": null
  },
  {
    "id": 94,
    "name": "وحدة القصير",
    "location": "حمص",
    "phone": null,
    "engineeres": null,
    "engineeringUnitsId": 50,
    "engineeringUnits": null,
    "annualDatas": null
  },
  {
    "id": 95,
    "name": "الصوامع ",
    "location": "حمص",
    "phone": null,
    "engineeres": null,
    "engineeringUnitsId": 52,
    "engineeringUnits": null,
    "annualDatas": null
  },
  {
    "id": 96,
    "name": "الحبوب",
    "location": "حمص",
    "phone": null,
    "engineeres": null,
    "engineeringUnitsId": 52,
    "engineeringUnits": null,
    "annualDatas": null
  },
  {
    "id": 97,
    "name": "مصالح عقارية",
    "location": "حمص",
    "phone": null,
    "engineeres": null,
    "engineeringUnitsId": 53,
    "engineeringUnits": null,
    "annualDatas": null
  },
  {
    "id": 98,
    "name": "السورية للتجارة",
    "location": "حمص",
    "phone": null,
    "engineeres": null,
    "engineeringUnitsId": 53,
    "engineeringUnits": null,
    "annualDatas": null
  },
  {
    "id": 99,
    "name": "مديرية الصحة",
    "location": "حمص",
    "phone": null,
    "engineeres": null,
    "engineeringUnitsId": 54,
    "engineeringUnits": null,
    "annualDatas": null
  },
  {
    "id": 100,
    "name": "السورية للغاز",
    "location": "حمص",
    "phone": null,
    "engineeres": null,
    "engineeringUnitsId": 55,
    "engineeringUnits": null,
    "annualDatas": null
  },
  {
    "id": 101,
    "name": "غاز جنوب المنطقة الوسطى",
    "location": "حمص",
    "phone": null,
    "engineeres": null,
    "engineeringUnitsId": 55,
    "engineeringUnits": null,
    "annualDatas": null
  },
  {
    "id": 102,
    "name": "مديرية السياحة ",
    "location": "حمص",
    "phone": null,
    "engineeres": null,
    "engineeringUnitsId": 56,
    "engineeringUnits": null,
    "annualDatas": null
  },
  {
    "id": 103,
    "name": "مديرية المالية",
    "location": "حمص",
    "phone": null,
    "engineeres": null,
    "engineeringUnitsId": 56,
    "engineeringUnits": null,
    "annualDatas": null
  },
  {
    "id": 104,
    "name": "الشركة السورية لنقل النفط",
    "location": "حمص",
    "phone": null,
    "engineeres": null,
    "engineeringUnitsId": 57,
    "engineeringUnits": null,
    "annualDatas": null
  },
  {
    "id": 105,
    "name": "السورية للتأمين مع كافة المصارف",
    "location": "حمص",
    "phone": null,
    "engineeres": null,
    "engineeringUnitsId": 58,
    "engineeringUnits": null,
    "annualDatas": null
  },
  {
    "id": 106,
    "name": "مديرية النقل ",
    "location": "حمص",
    "phone": null,
    "engineeres": null,
    "engineeringUnitsId": 59,
    "engineeringUnits": null,
    "annualDatas": null
  },
  {
    "id": 107,
    "name": "مديرية الاحوال المدنية",
    "location": "حمص",
    "phone": null,
    "engineeres": null,
    "engineeringUnitsId": 59,
    "engineeringUnits": null,
    "annualDatas": null
  },
  {
    "id": 108,
    "name": "مؤسسة عمران",
    "location": "حمص",
    "phone": null,
    "engineeres": null,
    "engineeringUnitsId": 59,
    "engineeringUnits": null,
    "annualDatas": null
  },
  {
    "id": 109,
    "name": "متفرقات الجيش ",
    "location": "حمص",
    "phone": null,
    "engineeres": null,
    "engineeringUnitsId": 60,
    "engineeringUnits": null,
    "annualDatas": null
  },
  {
    "id": 110,
    "name": "معمل 420",
    "location": "حمص",
    "phone": null,
    "engineeres": null,
    "engineeringUnitsId": 60,
    "engineeringUnits": null,
    "annualDatas": null
  },
  {
    "id": 111,
    "name": " معمل الاحذية",
    "location": "حمص",
    "phone": null,
    "engineeres": null,
    "engineeringUnitsId": 60,
    "engineeringUnits": null,
    "annualDatas": null
  },
  {
    "id": 112,
    "name": "رحبة قطينة",
    "location": "حمص",
    "phone": null,
    "engineeres": null,
    "engineeringUnitsId": 60,
    "engineeringUnits": null,
    "annualDatas": null
  },
  {
    "id": 113,
    "name": "الشركة السورية للنفط( مديرية حقول المنطقة الوسطى )",
    "location": "حمص",
    "phone": null,
    "engineeres": null,
    "engineeringUnitsId": 61,
    "engineeringUnits": null,
    "annualDatas": null
  },
  {
    "id": 114,
    "name": "كلية الهندسة المعمارية تم احاثها بقرار مجلس الفرع رقم 8/43 تاريخ 05/01/2021",
    "location": "حمص",
    "phone": null,
    "engineeres": null,
    "engineeringUnitsId": 62,
    "engineeringUnits": null,
    "annualDatas": null
  },
  {
    "id": 115,
    "name": "مكاتب شهداء",
    "location": "حمص",
    "phone": null,
    "engineeres": null,
    "engineeringUnitsId": 64,
    "engineeringUnits": null,
    "annualDatas": null
  },
  {
    "id": 116,
    "name": "مكاتب معلوماتية",
    "location": "حمص",
    "phone": null,
    "engineeres": null,
    "engineeringUnitsId": 65,
    "engineeringUnits": null,
    "annualDatas": null
  }
]
